<?xml version="1.0" encoding="UTF-8" standalone="no"?>
<Configuration>
  <DisplayManager>
    <SystemInitScript dnOrder="0"/>
    <SystemStartScript dnOrder="1"/>
  </DisplayManager>
  <General>
    <HarmonyPath dnOrder="0" path="../../../../../../microchip/harmony/v2_06"/>
    <Processor dnOrder="1" name="PIC32MX795F512L"/>
    <Board dnOrder="2" name="PIC32MX Ethernet Starter Kit"/>
    <ForceOptimization dnOrder="3" flag="true"/>
    <MergeStrategy dnOrder="4" flag="USER_ALL"/>
  </General>
  <Manifest>
    <Files dnOrder="0">
      <File dnOrder="0">
        <Name dnOrder="0">drv_tmr_mapping.h</Name>
        <Path dnOrder="1">Header&amp;#160;Files/framework/driver/tmr</Path>
      </File>
      <File dnOrder="1">
        <Name dnOrder="0">drv_tmr_local.h</Name>
        <Path dnOrder="1">Header&amp;#160;Files/framework/driver/tmr/src</Path>
      </File>
      <File dnOrder="2">
        <Name dnOrder="0">drv_usbfs_local.h</Name>
        <Path dnOrder="1">Header&amp;#160;Files/framework/driver/usb/usbfs/src</Path>
      </File>
      <File dnOrder="3">
        <Name dnOrder="0">driver_common.h</Name>
        <Path dnOrder="1">Header&amp;#160;Files/framework/driver</Path>
      </File>
      <File dnOrder="4">
        <Name dnOrder="0">usb_host_local.h</Name>
        <Path dnOrder="1">Header&amp;#160;Files/framework/usb/src</Path>
      </File>
      <File dnOrder="5">
        <Name dnOrder="0">sys_fs_local.h</Name>
        <Path dnOrder="1">Header&amp;#160;Files/framework/system/fs/src</Path>
      </File>
      <File dnOrder="6">
        <Name dnOrder="0">sys_tmr.c</Name>
        <Path dnOrder="1">Source&amp;#160;Files/framework/system/tmr/src</Path>
      </File>
      <File dnOrder="7">
        <Name dnOrder="0">ff.h</Name>
        <Path dnOrder="1">Header&amp;#160;Files/framework/system/fs/fat_fs/src/file_system</Path>
      </File>
      <File dnOrder="8">
        <Name dnOrder="0">sys_fs_media_manager.c</Name>
        <Path dnOrder="1">Source&amp;#160;Files/framework/system/fs/src/dynamic</Path>
      </File>
      <File dnOrder="9">
        <Name dnOrder="0">sys_fs.h</Name>
        <Path dnOrder="1">Header&amp;#160;Files/framework/system/fs</Path>
      </File>
      <File dnOrder="10">
        <Name dnOrder="0">tmr_definitions_pic32m.h</Name>
        <Path dnOrder="1">Header&amp;#160;Files/framework/driver/tmr</Path>
      </File>
      <File dnOrder="11">
        <Name dnOrder="0">usb_chapter_9.h</Name>
        <Path dnOrder="1">Header&amp;#160;Files/framework/usb</Path>
      </File>
      <File dnOrder="12">
        <Name dnOrder="0">driver.h</Name>
        <Path dnOrder="1">Header&amp;#160;Files/framework/driver</Path>
      </File>
      <File dnOrder="13">
        <Name dnOrder="0">sys_int_pic32.c</Name>
        <Path dnOrder="1">Source&amp;#160;Files/framework/system/int/src</Path>
      </File>
      <File dnOrder="14">
        <Name dnOrder="0">usb_host.c</Name>
        <Path dnOrder="1">Source&amp;#160;Files/framework/usb/src/dynamic</Path>
      </File>
      <File dnOrder="15">
        <Name dnOrder="0">mpfs.h</Name>
        <Path dnOrder="1">Header&amp;#160;Files/framework/system/fs/mpfs</Path>
      </File>
      <File dnOrder="16">
        <Name dnOrder="0">sys_clk.h</Name>
        <Path dnOrder="1">Header&amp;#160;Files/framework/system/clk</Path>
      </File>
      <File dnOrder="17">
        <Name dnOrder="0">sys_ports_definitions.h</Name>
        <Path dnOrder="1">Header&amp;#160;Files/framework/system/ports</Path>
      </File>
      <File dnOrder="18">
        <Name dnOrder="0">drv_tmr.c</Name>
        <Path dnOrder="1">Source&amp;#160;Files/framework/driver/tmr/src/dynamic</Path>
      </File>
      <File dnOrder="19">
        <Name dnOrder="0">sys_int_private.h</Name>
        <Path dnOrder="1">Header&amp;#160;Files/framework/system/int/src</Path>
      </File>
      <File dnOrder="20">
        <Name dnOrder="0">drv_tmr_compatibility.h</Name>
        <Path dnOrder="1">Header&amp;#160;Files/framework/driver/tmr</Path>
      </File>
      <File dnOrder="21">
        <Name dnOrder="0">sys_tmr_local.h</Name>
        <Path dnOrder="1">Header&amp;#160;Files/framework/system/tmr/src</Path>
      </File>
      <File dnOrder="22">
        <Name dnOrder="0">system.h</Name>
        <Path dnOrder="1">Header&amp;#160;Files/framework/system</Path>
      </File>
      <File dnOrder="23">
        <Name dnOrder="0">ffconf.h</Name>
        <Path dnOrder="1">Header&amp;#160;Files/framework/system/fs/fat_fs/src/file_system</Path>
      </File>
      <File dnOrder="24">
        <Name dnOrder="0">mpfs_local.h</Name>
        <Path dnOrder="1">Header&amp;#160;Files/framework/system/fs/mpfs/src</Path>
      </File>
      <File dnOrder="25">
        <Name dnOrder="0">sys_fs.c</Name>
        <Path dnOrder="1">Source&amp;#160;Files/framework/system/fs/src/dynamic</Path>
      </File>
      <File dnOrder="26">
        <Name dnOrder="0">sys_fs_media_manager.h</Name>
        <Path dnOrder="1">Header&amp;#160;Files/framework/system/fs</Path>
      </File>
      <File dnOrder="27">
        <Name dnOrder="0">drv_usbfs.h</Name>
        <Path dnOrder="1">Header&amp;#160;Files/framework/driver/usb/usbfs</Path>
      </File>
      <File dnOrder="28">
        <Name dnOrder="0">drv_usbfs_host.c</Name>
        <Path dnOrder="1">Source&amp;#160;Files/framework/driver/usb/usbfs/src/dynamic</Path>
      </File>
      <File dnOrder="29">
        <Name dnOrder="0">usb_host_scsi_local.h</Name>
        <Path dnOrder="1">Header&amp;#160;Files/framework/usb/src</Path>
      </File>
      <File dnOrder="30">
        <Name dnOrder="0">sys_int.h</Name>
        <Path dnOrder="1">Header&amp;#160;Files/framework/system/int</Path>
      </File>
      <File dnOrder="31">
        <Name dnOrder="0">drv_usb.h</Name>
        <Path dnOrder="1">Header&amp;#160;Files/framework/driver/usb</Path>
      </File>
      <File dnOrder="32">
        <Name dnOrder="0">usb_host_scsi.c</Name>
        <Path dnOrder="1">Source&amp;#160;Files/framework/usb/src/dynamic</Path>
      </File>
      <File dnOrder="33">
        <Name dnOrder="0">drv_tmr_variant_mapping.h</Name>
        <Path dnOrder="1">Header&amp;#160;Files/framework/driver/tmr/src</Path>
      </File>
      <File dnOrder="34">
        <Name dnOrder="0">drv_usbfs.c</Name>
        <Path dnOrder="1">Source&amp;#160;Files/framework/driver/usb/usbfs/src/dynamic</Path>
      </File>
      <File dnOrder="35">
        <Name dnOrder="0">drv_tmr.h</Name>
        <Path dnOrder="1">Header&amp;#160;Files/framework/driver/tmr</Path>
      </File>
      <File dnOrder="36">
        <Name dnOrder="0">usb_host_msd.c</Name>
        <Path dnOrder="1">Source&amp;#160;Files/framework/usb/src/dynamic</Path>
      </File>
      <File dnOrder="37">
        <Name dnOrder="0">sys_tmr.h</Name>
        <Path dnOrder="1">Header&amp;#160;Files/framework/system/tmr</Path>
      </File>
      <File dnOrder="38">
        <Name dnOrder="0">usb_host.h</Name>
        <Path dnOrder="1">Header&amp;#160;Files/framework/usb</Path>
      </File>
      <File dnOrder="39">
        <Name dnOrder="0">osal.h</Name>
        <Path dnOrder="1">Header&amp;#160;Files/framework/osal</Path>
      </File>
      <File dnOrder="40">
        <Name dnOrder="0">usb_msd.h</Name>
        <Path dnOrder="1">Header&amp;#160;Files/framework/usb</Path>
      </File>
      <File dnOrder="41">
        <Name dnOrder="0">usb_host_hub_interface.h</Name>
        <Path dnOrder="1">Header&amp;#160;Files/framework/usb</Path>
      </File>
      <File dnOrder="42">
        <Name dnOrder="0">usb_common.h</Name>
        <Path dnOrder="1">Header&amp;#160;Files/framework/usb</Path>
      </File>
      <File dnOrder="43">
        <Name dnOrder="0">sys_ports.h</Name>
        <Path dnOrder="1">Header&amp;#160;Files/framework/system/ports</Path>
      </File>
      <File dnOrder="44">
        <Name dnOrder="0">diskio.h</Name>
        <Path dnOrder="1">Header&amp;#160;Files/framework/system/fs/fat_fs/src/hardware_access</Path>
      </File>
      <File dnOrder="45">
        <Name dnOrder="0">usb_hub.h</Name>
        <Path dnOrder="1">Header&amp;#160;Files/framework/usb</Path>
      </File>
      <File dnOrder="46">
        <Name dnOrder="0">sys_common.h</Name>
        <Path dnOrder="1">Header&amp;#160;Files/framework/system/common</Path>
      </File>
      <File dnOrder="47">
        <Name dnOrder="0">sys_buffer.h</Name>
        <Path dnOrder="1">Header&amp;#160;Files/framework/system/common</Path>
      </File>
      <File dnOrder="48">
        <Name dnOrder="0">usb_host_hub.h</Name>
        <Path dnOrder="1">Header&amp;#160;Files/framework/usb</Path>
      </File>
      <File dnOrder="49">
        <Name dnOrder="0">sys_clk_compatibility.h</Name>
        <Path dnOrder="1">Header&amp;#160;Files/framework/system/clk</Path>
      </File>
      <File dnOrder="50">
        <Name dnOrder="0">usb_host_hub_mapping.h</Name>
        <Path dnOrder="1">Header&amp;#160;Files/framework/usb/src</Path>
      </File>
      <File dnOrder="51">
        <Name dnOrder="0">osal_impl_basic.h</Name>
        <Path dnOrder="1">Header&amp;#160;Files/framework/osal</Path>
      </File>
      <File dnOrder="52">
        <Name dnOrder="0">scsi.h</Name>
        <Path dnOrder="1">Header&amp;#160;Files/framework/usb</Path>
      </File>
      <File dnOrder="53">
        <Name dnOrder="0">sys_clk_mapping.h</Name>
        <Path dnOrder="1">Header&amp;#160;Files/framework/system/clk</Path>
      </File>
      <File dnOrder="54">
        <Name dnOrder="0">usb_host_scsi.h</Name>
        <Path dnOrder="1">Header&amp;#160;Files/framework/usb</Path>
      </File>
      <File dnOrder="55">
        <Name dnOrder="0">osal_definitions.h</Name>
        <Path dnOrder="1">Header&amp;#160;Files/framework/osal</Path>
      </File>
      <File dnOrder="56">
        <Name dnOrder="0">sys_int_mapping.h</Name>
        <Path dnOrder="1">Header&amp;#160;Files/framework/system/int</Path>
      </File>
      <File dnOrder="57">
        <Name dnOrder="0">ff.c</Name>
        <Path dnOrder="1">Source&amp;#160;Files/framework/system/fs</Path>
      </File>
      <File dnOrder="58">
        <Name dnOrder="0">usb_host_msd.h</Name>
        <Path dnOrder="1">Header&amp;#160;Files/framework/usb</Path>
      </File>
      <File dnOrder="59">
        <Name dnOrder="0">sys_debug.h</Name>
        <Path dnOrder="1">Header&amp;#160;Files/framework/system/debug</Path>
      </File>
      <File dnOrder="60">
        <Name dnOrder="0">sys_module.h</Name>
        <Path dnOrder="1">Header&amp;#160;Files/framework/system/common</Path>
      </File>
      <File dnOrder="61">
        <Name dnOrder="0">diskio.c</Name>
        <Path dnOrder="1">Source&amp;#160;Files/framework/system/fs</Path>
      </File>
      <File dnOrder="62">
        <Name dnOrder="0">sys_fs_media_manager_local.h</Name>
        <Path dnOrder="1">Header&amp;#160;Files/framework/system/fs/src</Path>
      </File>
      <File dnOrder="63">
        <Name dnOrder="0">drv_usbfs_variant_mapping.h</Name>
        <Path dnOrder="1">Header&amp;#160;Files/framework/driver/usb/usbfs/src</Path>
      </File>
      <File dnOrder="64">
        <Name dnOrder="0">usb_host_msd_local.h</Name>
        <Path dnOrder="1">Header&amp;#160;Files/framework/usb/src</Path>
      </File>
      <File dnOrder="65">
        <Name dnOrder="0">sys_queue.h</Name>
        <Path dnOrder="1">Header&amp;#160;Files/framework/system/common</Path>
      </File>
      <File dnOrder="66">
        <Name dnOrder="0">drv_usbfs_mapping.h</Name>
        <Path dnOrder="1">Header&amp;#160;Files/framework/driver/usb/usbfs</Path>
      </File>
      <File dnOrder="67">
        <Name dnOrder="0">usb_host_client_driver.h</Name>
        <Path dnOrder="1">Header&amp;#160;Files/framework/usb</Path>
      </File>
    </Files>
    <Templates dnOrder="1">
      <Template dnOrder="0">
        <Name dnOrder="0">nvm_disk_images.h</Name>
        <Path dnOrder="1">Header&amp;#160;Files/app/system_config/default/framework/system/fs</Path>
        <Checksum dnOrder="2">B00B90E021F15FFD6B0B1B7F2D0650A5</Checksum>
      </Template>
      <Template dnOrder="1">
        <Name dnOrder="0">sys_ports_static.c</Name>
        <Path dnOrder="1">Source&amp;#160;Files/app/system_config/default/framework/system/ports/src</Path>
        <Checksum dnOrder="2">BC814B1E833F48A33953D65B71BC498D</Checksum>
      </Template>
      <Template dnOrder="2">
        <Name dnOrder="0">system_init.c</Name>
        <Path dnOrder="1">Source&amp;#160;Files/app/system_config/default</Path>
        <Checksum dnOrder="2">E1C1FD89CE6E7A6C21BDA07BEF268A5E</Checksum>
      </Template>
      <Template dnOrder="3">
        <Name dnOrder="0">main.c</Name>
        <Path dnOrder="1">Source&amp;#160;Files/app</Path>
      </Template>
      <Template dnOrder="4">
        <Name dnOrder="0">system_definitions.h</Name>
        <Path dnOrder="1">Header&amp;#160;Files/app/system_config/default</Path>
        <Checksum dnOrder="2">A50BA172AA2FA0AE0F03C69A3F7C34AD</Checksum>
      </Template>
      <Template dnOrder="5">
        <Name dnOrder="0">system_exceptions.c</Name>
        <Path dnOrder="1">Source&amp;#160;Files/app/system_config/default</Path>
        <Checksum dnOrder="2">9836A04F3E98D3971DB91DF539160F34</Checksum>
      </Template>
      <Template dnOrder="6">
        <Name dnOrder="0">sys_devcon.c</Name>
        <Path dnOrder="1">Source&amp;#160;Files/app/system_config/default/framework/system/devcon/src</Path>
        <Checksum dnOrder="2">54ADBD4A35BCA03C42C74182FCE41849</Checksum>
      </Template>
      <Template dnOrder="7">
        <Name dnOrder="0">bsp.c</Name>
        <Path dnOrder="1">Source&amp;#160;Files/app/system_config/default/bsp</Path>
        <Checksum dnOrder="2">C0834E489A3036D4A7FDF35B18949FDF</Checksum>
      </Template>
      <Template dnOrder="8">
        <Name dnOrder="0">app.c</Name>
        <Path dnOrder="1">Source&amp;#160;Files/app</Path>
      </Template>
      <Template dnOrder="9">
        <Name dnOrder="0">sram_disk_images.h</Name>
        <Path dnOrder="1">Header&amp;#160;Files/app/system_config/default/framework/system/fs</Path>
        <Checksum dnOrder="2">A58BD5BF8E05EF7FF97B8F41007499C4</Checksum>
      </Template>
      <Template dnOrder="10">
        <Name dnOrder="0">sys_devcon_local.h</Name>
        <Path dnOrder="1">Header&amp;#160;Files/app/system_config/default/framework/system/devcon/src</Path>
        <Checksum dnOrder="2">B66F9B4DBD85DA7F9DE775E864E01395</Checksum>
      </Template>
      <Template dnOrder="11">
        <Name dnOrder="0">sys_devcon.h</Name>
        <Path dnOrder="1">Header&amp;#160;Files/app/system_config/default/framework/system/devcon</Path>
        <Checksum dnOrder="2">07580DCDEF89D9C79B062544109C5367</Checksum>
      </Template>
      <Template dnOrder="12">
        <Name dnOrder="0">bsp.h</Name>
        <Path dnOrder="1">Header&amp;#160;Files/app/system_config/default/bsp</Path>
        <Checksum dnOrder="2">45133FF41C586A0150A903C0D80E4318</Checksum>
      </Template>
      <Template dnOrder="13">
        <Name dnOrder="0">system_tasks.c</Name>
        <Path dnOrder="1">Source&amp;#160;Files/app/system_config/default</Path>
        <Checksum dnOrder="2">B109564EF614253FEF54DD4A145818D9</Checksum>
      </Template>
      <Template dnOrder="14">
        <Name dnOrder="0">sys_devcon_pic32mx.c</Name>
        <Path dnOrder="1">Source&amp;#160;Files/app/system_config/default/framework/system/devcon/src</Path>
        <Checksum dnOrder="2">5141464248E33ABE9E7D144A2D4DC129</Checksum>
      </Template>
      <Template dnOrder="15">
        <Name dnOrder="0">system_config.h</Name>
        <Path dnOrder="1">Header&amp;#160;Files/app/system_config/default</Path>
        <Checksum dnOrder="2">133D646FE85B6D596DCE0AC5D408D141</Checksum>
      </Template>
      <Template dnOrder="16">
        <Name dnOrder="0">app.h</Name>
        <Path dnOrder="1">Header&amp;#160;Files/app</Path>
      </Template>
      <Template dnOrder="17">
        <Name dnOrder="0">system_interrupt.c</Name>
        <Path dnOrder="1">Source&amp;#160;Files/app/system_config/default</Path>
        <Checksum dnOrder="2">A7F51222F51932673B6A8116D095605F</Checksum>
      </Template>
      <Template dnOrder="18">
        <Name dnOrder="0">sys_clk_pic32mx.c</Name>
        <Path dnOrder="1">Source&amp;#160;Files/app/system_config/default/framework/system/clk/src</Path>
        <Checksum dnOrder="2">FDF6C8068CFFAEEC5F8537A8D6514230</Checksum>
      </Template>
    </Templates>
    <CompilerItems dnOrder="2">
      <C32 dnOrder="0">
        <Include dnOrder="0" value="C:\Users\Lietotajs\Documents\Gints_karlis\usb_flash_hosts\USB flash hosts\firmware\src"/>
        <Include dnOrder="1" value="C:\Users\Lietotajs\Documents\Gints_karlis\usb_flash_hosts\USB flash hosts\firmware\src\system_config\default"/>
        <Include dnOrder="2" value="C:\Users\Lietotajs\Documents\Gints_karlis\usb_flash_hosts\USB flash hosts\firmware\src\default"/>
        <Include dnOrder="3" value="C:\microchip\harmony\v2_06\framework"/>
        <Include dnOrder="4" value="C:\Users\Lietotajs\Documents\Gints_karlis\usb_flash_hosts\USB flash hosts\firmware\src\system_config\default\framework"/>
        <Include dnOrder="5" value="../src/system_config/default/bsp"/>
      </C32>
    </CompilerItems>
    <Libraries dnOrder="3">
      <Library dnOrder="0" value="../../../../../../../../microchip/harmony/v2_06/bin/framework/peripheral/PIC32MX795F512L_peripherals.a"/>
    </Libraries>
  </Manifest>
</Configuration>
